{
  "hash": "c4a814e8",
  "configHash": "85494119",
  "lockfileHash": "85c1c9f4",
  "browserHash": "b987f1c1",
  "optimized": {
    "@angular/cdk/collections": {
      "src": "../../../../../../node_modules/@angular/cdk/fesm2022/collections.mjs",
      "file": "@angular_cdk_collections.js",
      "fileHash": "517d0561",
      "needsInterop": false
    },
    "@angular/common": {
      "src": "../../../../../../node_modules/@angular/common/fesm2022/common.mjs",
      "file": "@angular_common.js",
      "fileHash": "65acd821",
      "needsInterop": false
    },
    "@angular/common/http": {
      "src": "../../../../../../node_modules/@angular/common/fesm2022/http.mjs",
      "file": "@angular_common_http.js",
      "fileHash": "f7e3d72d",
      "needsInterop": false
    },
    "@angular/common/locales/pt": {
      "src": "../../../../../../node_modules/@angular/common/locales/pt.mjs",
      "file": "@angular_common_locales_pt.js",
      "fileHash": "8b2d8029",
      "needsInterop": false
    },
    "@angular/core": {
      "src": "../../../../../../node_modules/@angular/core/fesm2022/core.mjs",
      "file": "@angular_core.js",
      "fileHash": "131f4bc2",
      "needsInterop": false
    },
    "@angular/forms": {
      "src": "../../../../../../node_modules/@angular/forms/fesm2022/forms.mjs",
      "file": "@angular_forms.js",
      "fileHash": "5a6970a9",
      "needsInterop": false
    },
    "@angular/material/button": {
      "src": "../../../../../../node_modules/@angular/material/fesm2022/button.mjs",
      "file": "@angular_material_button.js",
      "fileHash": "794177c0",
      "needsInterop": false
    },
    "@angular/material/card": {
      "src": "../../../../../../node_modules/@angular/material/fesm2022/card.mjs",
      "file": "@angular_material_card.js",
      "fileHash": "51be1b17",
      "needsInterop": false
    },
    "@angular/material/form-field": {
      "src": "../../../../../../node_modules/@angular/material/fesm2022/form-field.mjs",
      "file": "@angular_material_form-field.js",
      "fileHash": "52444b8d",
      "needsInterop": false
    },
    "@angular/material/input": {
      "src": "../../../../../../node_modules/@angular/material/fesm2022/input.mjs",
      "file": "@angular_material_input.js",
      "fileHash": "7bfc63a3",
      "needsInterop": false
    },
    "@angular/material/list": {
      "src": "../../../../../../node_modules/@angular/material/fesm2022/list.mjs",
      "file": "@angular_material_list.js",
      "fileHash": "46909293",
      "needsInterop": false
    },
    "@angular/material/paginator": {
      "src": "../../../../../../node_modules/@angular/material/fesm2022/paginator.mjs",
      "file": "@angular_material_paginator.js",
      "fileHash": "2b885af4",
      "needsInterop": false
    },
    "@angular/material/sidenav": {
      "src": "../../../../../../node_modules/@angular/material/fesm2022/sidenav.mjs",
      "file": "@angular_material_sidenav.js",
      "fileHash": "5376476e",
      "needsInterop": false
    },
    "@angular/material/snack-bar": {
      "src": "../../../../../../node_modules/@angular/material/fesm2022/snack-bar.mjs",
      "file": "@angular_material_snack-bar.js",
      "fileHash": "cac25414",
      "needsInterop": false
    },
    "@angular/material/sort": {
      "src": "../../../../../../node_modules/@angular/material/fesm2022/sort.mjs",
      "file": "@angular_material_sort.js",
      "fileHash": "2a3b6aa0",
      "needsInterop": false
    },
    "@angular/material/table": {
      "src": "../../../../../../node_modules/@angular/material/fesm2022/table.mjs",
      "file": "@angular_material_table.js",
      "fileHash": "0c561264",
      "needsInterop": false
    },
    "@angular/material/toolbar": {
      "src": "../../../../../../node_modules/@angular/material/fesm2022/toolbar.mjs",
      "file": "@angular_material_toolbar.js",
      "fileHash": "c3529982",
      "needsInterop": false
    },
    "@angular/platform-browser": {
      "src": "../../../../../../node_modules/@angular/platform-browser/fesm2022/platform-browser.mjs",
      "file": "@angular_platform-browser.js",
      "fileHash": "3715ab45",
      "needsInterop": false
    },
    "@angular/platform-browser/animations/async": {
      "src": "../../../../../../node_modules/@angular/platform-browser/fesm2022/animations/async.mjs",
      "file": "@angular_platform-browser_animations_async.js",
      "fileHash": "3d0b1ef9",
      "needsInterop": false
    },
    "@angular/platform-server": {
      "src": "../../../../../../node_modules/@angular/platform-server/fesm2022/platform-server.mjs",
      "file": "@angular_platform-server.js",
      "fileHash": "ebc63e6f",
      "needsInterop": false
    },
    "@angular/router": {
      "src": "../../../../../../node_modules/@angular/router/fesm2022/router.mjs",
      "file": "@angular_router.js",
      "fileHash": "ea656194",
      "needsInterop": false
    },
    "@angular/ssr": {
      "src": "../../../../../../node_modules/@angular/ssr/fesm2022/ssr.mjs",
      "file": "@angular_ssr.js",
      "fileHash": "c280efef",
      "needsInterop": false
    },
    "@angular/ssr/node": {
      "src": "../../../../../../node_modules/@angular/ssr/fesm2022/node.mjs",
      "file": "@angular_ssr_node.js",
      "fileHash": "80f5f8a3",
      "needsInterop": false
    },
    "express": {
      "src": "../../../../../../node_modules/express/index.js",
      "file": "express.js",
      "fileHash": "be162e9e",
      "needsInterop": true
    },
    "rxjs": {
      "src": "../../../../../../node_modules/rxjs/dist/cjs/index.js",
      "file": "rxjs.js",
      "fileHash": "f14773cf",
      "needsInterop": true
    },
    "rxjs/operators": {
      "src": "../../../../../../node_modules/rxjs/dist/cjs/operators/index.js",
      "file": "rxjs_operators.js",
      "fileHash": "740b2d07",
      "needsInterop": true
    }
  },
  "chunks": {
    "browser-JFU6M54J": {
      "file": "browser-JFU6M54J.js"
    },
    "xhr2-TXIMV6CV": {
      "file": "xhr2-TXIMV6CV.js"
    },
    "chunk-TK2ZLDSW": {
      "file": "chunk-TK2ZLDSW.js"
    },
    "chunk-E6ELI7XD": {
      "file": "chunk-E6ELI7XD.js"
    },
    "chunk-BSJCRLPI": {
      "file": "chunk-BSJCRLPI.js"
    },
    "chunk-RWWAW3ZL": {
      "file": "chunk-RWWAW3ZL.js"
    },
    "chunk-CZFS32QL": {
      "file": "chunk-CZFS32QL.js"
    },
    "chunk-M2FVBKUB": {
      "file": "chunk-M2FVBKUB.js"
    },
    "chunk-PCAIM6MK": {
      "file": "chunk-PCAIM6MK.js"
    },
    "chunk-IU2GEVOX": {
      "file": "chunk-IU2GEVOX.js"
    },
    "chunk-R3MN4SU6": {
      "file": "chunk-R3MN4SU6.js"
    },
    "chunk-TB2SAL73": {
      "file": "chunk-TB2SAL73.js"
    },
    "chunk-AUWXZZGG": {
      "file": "chunk-AUWXZZGG.js"
    },
    "chunk-YYEH7ZNS": {
      "file": "chunk-YYEH7ZNS.js"
    },
    "chunk-HVU23C5P": {
      "file": "chunk-HVU23C5P.js"
    },
    "chunk-IFM3QDUJ": {
      "file": "chunk-IFM3QDUJ.js"
    },
    "chunk-JDVGSOF2": {
      "file": "chunk-JDVGSOF2.js"
    },
    "chunk-PFSBF4ML": {
      "file": "chunk-PFSBF4ML.js"
    },
    "chunk-TDK5NIWS": {
      "file": "chunk-TDK5NIWS.js"
    },
    "chunk-WBQSER3X": {
      "file": "chunk-WBQSER3X.js"
    },
    "chunk-RK6XMIZN": {
      "file": "chunk-RK6XMIZN.js"
    },
    "chunk-YHCV7DAQ": {
      "file": "chunk-YHCV7DAQ.js"
    }
  }
}