{
  "hash": "e1e2e139",
  "configHash": "951501f9",
  "lockfileHash": "89c1cf9e",
  "browserHash": "7dbb9cde",
  "optimized": {
    "@angular/common": {
      "src": "../../../../../../node_modules/@angular/common/fesm2022/common.mjs",
      "file": "@angular_common.js",
      "fileHash": "b945651e",
      "needsInterop": false
    },
    "@angular/core": {
      "src": "../../../../../../node_modules/@angular/core/fesm2022/core.mjs",
      "file": "@angular_core.js",
      "fileHash": "5eca0b2f",
      "needsInterop": false
    },
    "@angular/platform-browser": {
      "src": "../../../../../../node_modules/@angular/platform-browser/fesm2022/platform-browser.mjs",
      "file": "@angular_platform-browser.js",
      "fileHash": "8cf7b728",
      "needsInterop": false
    },
    "@angular/router": {
      "src": "../../../../../../node_modules/@angular/router/fesm2022/router.mjs",
      "file": "@angular_router.js",
      "fileHash": "7b279cc0",
      "needsInterop": false
    },
    "zone.js": {
      "src": "../../../../../../node_modules/zone.js/fesm2015/zone.js",
      "file": "zone__js.js",
      "fileHash": "4b769547",
      "needsInterop": true
    }
  },
  "chunks": {
    "chunk-GUWWRR62": {
      "file": "chunk-GUWWRR62.js"
    },
    "chunk-YLWP7BT7": {
      "file": "chunk-YLWP7BT7.js"
    },
    "chunk-SD7GTV2Y": {
      "file": "chunk-SD7GTV2Y.js"
    },
    "chunk-WDMUDEB6": {
      "file": "chunk-WDMUDEB6.js"
    }
  }
}