{
  "produtos": [
    {
      "id": "af39",
      "nome": "monitor samsumg",
      "preco": "1500.00"
    },
    {
      "id": "c45c",
      "nome": "notebook hp",
      "preco": "3000.00"
    },
    {
      "id": "74c7",
      "nome": "Desktop HP",
      "preco": "2000"
    }
  ],
  "clientes": [
    {
      "id": "1",
      "nome": "Denner",
      "cpf": "12345678900"
    },
    {
      "id": "2",
      "nome": "Talita",
      "cpf": "987654321000"
    },
    {
      "id": "3",
      "nome": "Ana",
      "cpf": "11111111111"
    }
  ]
}