{
  "hash": "956b856e",
  "configHash": "135e29c6",
  "lockfileHash": "a6713092",
  "browserHash": "6a98f100",
  "optimized": {
    "@angular/common": {
      "src": "../../../../../../node_modules/@angular/common/fesm2022/common.mjs",
      "file": "@angular_common.js",
      "fileHash": "526ae96d",
      "needsInterop": false
    },
    "@angular/core": {
      "src": "../../../../../../node_modules/@angular/core/fesm2022/core.mjs",
      "file": "@angular_core.js",
      "fileHash": "ebbcb967",
      "needsInterop": false
    },
    "@angular/platform-browser": {
      "src": "../../../../../../node_modules/@angular/platform-browser/fesm2022/platform-browser.mjs",
      "file": "@angular_platform-browser.js",
      "fileHash": "a8fba9a8",
      "needsInterop": false
    },
    "@angular/router": {
      "src": "../../../../../../node_modules/@angular/router/fesm2022/router.mjs",
      "file": "@angular_router.js",
      "fileHash": "f4167760",
      "needsInterop": false
    },
    "zone.js": {
      "src": "../../../../../../node_modules/zone.js/fesm2015/zone.js",
      "file": "zone__js.js",
      "fileHash": "ca9dd6e3",
      "needsInterop": true
    }
  },
  "chunks": {
    "chunk-GUWWRR62": {
      "file": "chunk-GUWWRR62.js"
    },
    "chunk-YLWP7BT7": {
      "file": "chunk-YLWP7BT7.js"
    },
    "chunk-SD7GTV2Y": {
      "file": "chunk-SD7GTV2Y.js"
    },
    "chunk-WDMUDEB6": {
      "file": "chunk-WDMUDEB6.js"
    }
  }
}