{
  "hash": "e4d74ab0",
  "configHash": "abc63b83",
  "lockfileHash": "85c1c9f4",
  "browserHash": "9d8ea282",
  "optimized": {
    "@angular/cdk/collections": {
      "src": "../../../../../../node_modules/@angular/cdk/fesm2022/collections.mjs",
      "file": "@angular_cdk_collections.js",
      "fileHash": "c3d04950",
      "needsInterop": false
    },
    "@angular/common": {
      "src": "../../../../../../node_modules/@angular/common/fesm2022/common.mjs",
      "file": "@angular_common.js",
      "fileHash": "56f1f640",
      "needsInterop": false
    },
    "@angular/common/http": {
      "src": "../../../../../../node_modules/@angular/common/fesm2022/http.mjs",
      "file": "@angular_common_http.js",
      "fileHash": "5966da35",
      "needsInterop": false
    },
    "@angular/common/locales/pt": {
      "src": "../../../../../../node_modules/@angular/common/locales/pt.mjs",
      "file": "@angular_common_locales_pt.js",
      "fileHash": "2e89a3bb",
      "needsInterop": false
    },
    "@angular/core": {
      "src": "../../../../../../node_modules/@angular/core/fesm2022/core.mjs",
      "file": "@angular_core.js",
      "fileHash": "13c34c6d",
      "needsInterop": false
    },
    "@angular/forms": {
      "src": "../../../../../../node_modules/@angular/forms/fesm2022/forms.mjs",
      "file": "@angular_forms.js",
      "fileHash": "1bb3de42",
      "needsInterop": false
    },
    "@angular/material/button": {
      "src": "../../../../../../node_modules/@angular/material/fesm2022/button.mjs",
      "file": "@angular_material_button.js",
      "fileHash": "3593df48",
      "needsInterop": false
    },
    "@angular/material/card": {
      "src": "../../../../../../node_modules/@angular/material/fesm2022/card.mjs",
      "file": "@angular_material_card.js",
      "fileHash": "0186c783",
      "needsInterop": false
    },
    "@angular/material/form-field": {
      "src": "../../../../../../node_modules/@angular/material/fesm2022/form-field.mjs",
      "file": "@angular_material_form-field.js",
      "fileHash": "02c450c9",
      "needsInterop": false
    },
    "@angular/material/input": {
      "src": "../../../../../../node_modules/@angular/material/fesm2022/input.mjs",
      "file": "@angular_material_input.js",
      "fileHash": "d1322e02",
      "needsInterop": false
    },
    "@angular/material/list": {
      "src": "../../../../../../node_modules/@angular/material/fesm2022/list.mjs",
      "file": "@angular_material_list.js",
      "fileHash": "f0a1803d",
      "needsInterop": false
    },
    "@angular/material/paginator": {
      "src": "../../../../../../node_modules/@angular/material/fesm2022/paginator.mjs",
      "file": "@angular_material_paginator.js",
      "fileHash": "46d93cb5",
      "needsInterop": false
    },
    "@angular/material/sidenav": {
      "src": "../../../../../../node_modules/@angular/material/fesm2022/sidenav.mjs",
      "file": "@angular_material_sidenav.js",
      "fileHash": "f2572504",
      "needsInterop": false
    },
    "@angular/material/snack-bar": {
      "src": "../../../../../../node_modules/@angular/material/fesm2022/snack-bar.mjs",
      "file": "@angular_material_snack-bar.js",
      "fileHash": "83132633",
      "needsInterop": false
    },
    "@angular/material/sort": {
      "src": "../../../../../../node_modules/@angular/material/fesm2022/sort.mjs",
      "file": "@angular_material_sort.js",
      "fileHash": "b3c5475f",
      "needsInterop": false
    },
    "@angular/material/table": {
      "src": "../../../../../../node_modules/@angular/material/fesm2022/table.mjs",
      "file": "@angular_material_table.js",
      "fileHash": "de82b584",
      "needsInterop": false
    },
    "@angular/material/toolbar": {
      "src": "../../../../../../node_modules/@angular/material/fesm2022/toolbar.mjs",
      "file": "@angular_material_toolbar.js",
      "fileHash": "6790d094",
      "needsInterop": false
    },
    "@angular/platform-browser": {
      "src": "../../../../../../node_modules/@angular/platform-browser/fesm2022/platform-browser.mjs",
      "file": "@angular_platform-browser.js",
      "fileHash": "d2bae3c8",
      "needsInterop": false
    },
    "@angular/platform-browser/animations/async": {
      "src": "../../../../../../node_modules/@angular/platform-browser/fesm2022/animations/async.mjs",
      "file": "@angular_platform-browser_animations_async.js",
      "fileHash": "802b1776",
      "needsInterop": false
    },
    "@angular/router": {
      "src": "../../../../../../node_modules/@angular/router/fesm2022/router.mjs",
      "file": "@angular_router.js",
      "fileHash": "b130f6bf",
      "needsInterop": false
    },
    "rxjs": {
      "src": "../../../../../../node_modules/rxjs/dist/esm5/index.js",
      "file": "rxjs.js",
      "fileHash": "f283ebc4",
      "needsInterop": false
    },
    "rxjs/operators": {
      "src": "../../../../../../node_modules/rxjs/dist/esm5/operators/index.js",
      "file": "rxjs_operators.js",
      "fileHash": "a9848d8d",
      "needsInterop": false
    }
  },
  "chunks": {
    "chunk-4MZE5ERV": {
      "file": "chunk-4MZE5ERV.js"
    },
    "browser-4U3I5NMA": {
      "file": "browser-4U3I5NMA.js"
    },
    "chunk-6VOJ2U5Y": {
      "file": "chunk-6VOJ2U5Y.js"
    },
    "chunk-JTLWTHCQ": {
      "file": "chunk-JTLWTHCQ.js"
    },
    "chunk-FEQAJRIR": {
      "file": "chunk-FEQAJRIR.js"
    },
    "chunk-EWYPZBPJ": {
      "file": "chunk-EWYPZBPJ.js"
    },
    "chunk-P73PIM3P": {
      "file": "chunk-P73PIM3P.js"
    },
    "chunk-AY6MJ3IQ": {
      "file": "chunk-AY6MJ3IQ.js"
    },
    "chunk-SDTJOFSV": {
      "file": "chunk-SDTJOFSV.js"
    },
    "chunk-W2KSSOVR": {
      "file": "chunk-W2KSSOVR.js"
    },
    "chunk-U4JL5GDJ": {
      "file": "chunk-U4JL5GDJ.js"
    },
    "chunk-UMAXZX7C": {
      "file": "chunk-UMAXZX7C.js"
    },
    "chunk-SAS3ZIMR": {
      "file": "chunk-SAS3ZIMR.js"
    },
    "chunk-4N4GOYJH": {
      "file": "chunk-4N4GOYJH.js"
    },
    "chunk-5OPE3T2R": {
      "file": "chunk-5OPE3T2R.js"
    },
    "chunk-FHTVLBLO": {
      "file": "chunk-FHTVLBLO.js"
    },
    "chunk-WDMUDEB6": {
      "file": "chunk-WDMUDEB6.js"
    }
  }
}