{
  "hash": "91b6c178",
  "configHash": "a8c1bf8c",
  "lockfileHash": "715e402b",
  "browserHash": "48230dc9",
  "optimized": {
    "@angular/common": {
      "src": "../../../../../../node_modules/@angular/common/fesm2022/common.mjs",
      "file": "@angular_common.js",
      "fileHash": "cbc6b747",
      "needsInterop": false
    },
    "@angular/common/http": {
      "src": "../../../../../../node_modules/@angular/common/fesm2022/http.mjs",
      "file": "@angular_common_http.js",
      "fileHash": "1b9e818a",
      "needsInterop": false
    },
    "@angular/core": {
      "src": "../../../../../../node_modules/@angular/core/fesm2022/core.mjs",
      "file": "@angular_core.js",
      "fileHash": "c8e15fcc",
      "needsInterop": false
    },
    "@angular/forms": {
      "src": "../../../../../../node_modules/@angular/forms/fesm2022/forms.mjs",
      "file": "@angular_forms.js",
      "fileHash": "02f0214f",
      "needsInterop": false
    },
    "@angular/platform-browser": {
      "src": "../../../../../../node_modules/@angular/platform-browser/fesm2022/platform-browser.mjs",
      "file": "@angular_platform-browser.js",
      "fileHash": "cf09f3e3",
      "needsInterop": false
    },
    "@angular/router": {
      "src": "../../../../../../node_modules/@angular/router/fesm2022/router.mjs",
      "file": "@angular_router.js",
      "fileHash": "f561e802",
      "needsInterop": false
    },
    "zone.js": {
      "src": "../../../../../../node_modules/zone.js/fesm2015/zone.js",
      "file": "zone__js.js",
      "fileHash": "bd8a498a",
      "needsInterop": true
    },
    "@angular/cdk/bidi": {
      "src": "../../../../../../node_modules/@angular/cdk/fesm2022/bidi.mjs",
      "file": "@angular_cdk_bidi.js",
      "fileHash": "e5c9b245",
      "needsInterop": false
    },
    "@angular/material/table": {
      "src": "../../../../../../node_modules/@angular/material/fesm2022/table.mjs",
      "file": "@angular_material_table.js",
      "fileHash": "cde41ce7",
      "needsInterop": false
    },
    "@angular/material/button": {
      "src": "../../../../../../node_modules/@angular/material/fesm2022/button.mjs",
      "file": "@angular_material_button.js",
      "fileHash": "87e7ccc6",
      "needsInterop": false
    },
    "@angular/material/card": {
      "src": "../../../../../../node_modules/@angular/material/fesm2022/card.mjs",
      "file": "@angular_material_card.js",
      "fileHash": "05677773",
      "needsInterop": false
    },
    "@angular/material/icon": {
      "src": "../../../../../../node_modules/@angular/material/fesm2022/icon.mjs",
      "file": "@angular_material_icon.js",
      "fileHash": "0bf8e213",
      "needsInterop": false
    },
    "@angular/material/toolbar": {
      "src": "../../../../../../node_modules/@angular/material/fesm2022/toolbar.mjs",
      "file": "@angular_material_toolbar.js",
      "fileHash": "7d3d802d",
      "needsInterop": false
    },
    "@angular/common/locales/pt": {
      "src": "../../../../../../node_modules/@angular/common/locales/pt.js",
      "file": "@angular_common_locales_pt.js",
      "fileHash": "01e438bb",
      "needsInterop": false
    },
    "@angular/material/form-field": {
      "src": "../../../../../../node_modules/@angular/material/fesm2022/form-field.mjs",
      "file": "@angular_material_form-field.js",
      "fileHash": "acf60ab2",
      "needsInterop": false
    },
    "@angular/material/input": {
      "src": "../../../../../../node_modules/@angular/material/fesm2022/input.mjs",
      "file": "@angular_material_input.js",
      "fileHash": "09cd477a",
      "needsInterop": false
    },
    "@angular/cdk/text-field": {
      "src": "../../../../../../node_modules/@angular/cdk/fesm2022/text-field.mjs",
      "file": "@angular_cdk_text-field.js",
      "fileHash": "205aaf39",
      "needsInterop": false
    },
    "@angular/cdk/scrolling": {
      "src": "../../../../../../node_modules/@angular/cdk/fesm2022/scrolling.mjs",
      "file": "@angular_cdk_scrolling.js",
      "fileHash": "11ffecbe",
      "needsInterop": false
    },
    "@angular/material/datepicker": {
      "src": "../../../../../../node_modules/@angular/material/fesm2022/datepicker.mjs",
      "file": "@angular_material_datepicker.js",
      "fileHash": "4cc41ec2",
      "needsInterop": false
    },
    "@angular/material/core": {
      "src": "../../../../../../node_modules/@angular/material/fesm2022/core.mjs",
      "file": "@angular_material_core.js",
      "fileHash": "d0e73ffa",
      "needsInterop": false
    }
  },
  "chunks": {
    "chunk-UXZDT43I": {
      "file": "chunk-UXZDT43I.js"
    },
    "chunk-VDK6I6J5": {
      "file": "chunk-VDK6I6J5.js"
    },
    "chunk-4CWEKDXC": {
      "file": "chunk-4CWEKDXC.js"
    },
    "chunk-GVMGSMVK": {
      "file": "chunk-GVMGSMVK.js"
    },
    "chunk-WPNQNRXE": {
      "file": "chunk-WPNQNRXE.js"
    },
    "chunk-VOVESFEH": {
      "file": "chunk-VOVESFEH.js"
    },
    "chunk-P35HBCYB": {
      "file": "chunk-P35HBCYB.js"
    },
    "chunk-7JKQYPP6": {
      "file": "chunk-7JKQYPP6.js"
    },
    "chunk-R627VD54": {
      "file": "chunk-R627VD54.js"
    },
    "chunk-HCOS7LDN": {
      "file": "chunk-HCOS7LDN.js"
    },
    "chunk-DQ7OVFPD": {
      "file": "chunk-DQ7OVFPD.js"
    },
    "chunk-RKIOO5S6": {
      "file": "chunk-RKIOO5S6.js"
    },
    "chunk-G27F44UW": {
      "file": "chunk-G27F44UW.js"
    },
    "chunk-SPEN7F7L": {
      "file": "chunk-SPEN7F7L.js"
    },
    "chunk-EOFW2REK": {
      "file": "chunk-EOFW2REK.js"
    },
    "chunk-3XDSNUGF": {
      "file": "chunk-3XDSNUGF.js"
    },
    "chunk-CRDNSJJN": {
      "file": "chunk-CRDNSJJN.js"
    },
    "chunk-DVFQWG47": {
      "file": "chunk-DVFQWG47.js"
    },
    "chunk-BBHQQZBJ": {
      "file": "chunk-BBHQQZBJ.js"
    },
    "chunk-65IA2XU2": {
      "file": "chunk-65IA2XU2.js"
    },
    "chunk-RDAYXJ22": {
      "file": "chunk-RDAYXJ22.js"
    },
    "chunk-KQRM5WX6": {
      "file": "chunk-KQRM5WX6.js"
    },
    "chunk-GE3ZGMNX": {
      "file": "chunk-GE3ZGMNX.js"
    },
    "chunk-WDMUDEB6": {
      "file": "chunk-WDMUDEB6.js"
    }
  }
}