{
  "hash": "c8323263",
  "configHash": "c96868ff",
  "lockfileHash": "85c1c9f4",
  "browserHash": "68504164",
  "optimized": {
    "@angular/common": {
      "src": "../../../../../../node_modules/@angular/common/fesm2022/common.mjs",
      "file": "@angular_common.js",
      "fileHash": "ed4c3227",
      "needsInterop": false
    },
    "@angular/common/http": {
      "src": "../../../../../../node_modules/@angular/common/fesm2022/http.mjs",
      "file": "@angular_common_http.js",
      "fileHash": "20ec0d72",
      "needsInterop": false
    },
    "@angular/common/locales/pt": {
      "src": "../../../../../../node_modules/@angular/common/locales/pt.mjs",
      "file": "@angular_common_locales_pt.js",
      "fileHash": "d3b77ef2",
      "needsInterop": false
    },
    "@angular/core": {
      "src": "../../../../../../node_modules/@angular/core/fesm2022/core.mjs",
      "file": "@angular_core.js",
      "fileHash": "5548603f",
      "needsInterop": false
    },
    "@angular/forms": {
      "src": "../../../../../../node_modules/@angular/forms/fesm2022/forms.mjs",
      "file": "@angular_forms.js",
      "fileHash": "eb5ff899",
      "needsInterop": false
    },
    "@angular/material/button": {
      "src": "../../../../../../node_modules/@angular/material/fesm2022/button.mjs",
      "file": "@angular_material_button.js",
      "fileHash": "b48f608b",
      "needsInterop": false
    },
    "@angular/material/card": {
      "src": "../../../../../../node_modules/@angular/material/fesm2022/card.mjs",
      "file": "@angular_material_card.js",
      "fileHash": "277bef93",
      "needsInterop": false
    },
    "@angular/material/form-field": {
      "src": "../../../../../../node_modules/@angular/material/fesm2022/form-field.mjs",
      "file": "@angular_material_form-field.js",
      "fileHash": "f125f09f",
      "needsInterop": false
    },
    "@angular/material/input": {
      "src": "../../../../../../node_modules/@angular/material/fesm2022/input.mjs",
      "file": "@angular_material_input.js",
      "fileHash": "55433ffe",
      "needsInterop": false
    },
    "@angular/material/list": {
      "src": "../../../../../../node_modules/@angular/material/fesm2022/list.mjs",
      "file": "@angular_material_list.js",
      "fileHash": "9a8b6393",
      "needsInterop": false
    },
    "@angular/material/paginator": {
      "src": "../../../../../../node_modules/@angular/material/fesm2022/paginator.mjs",
      "file": "@angular_material_paginator.js",
      "fileHash": "32840dac",
      "needsInterop": false
    },
    "@angular/material/sidenav": {
      "src": "../../../../../../node_modules/@angular/material/fesm2022/sidenav.mjs",
      "file": "@angular_material_sidenav.js",
      "fileHash": "3ab1218f",
      "needsInterop": false
    },
    "@angular/material/snack-bar": {
      "src": "../../../../../../node_modules/@angular/material/fesm2022/snack-bar.mjs",
      "file": "@angular_material_snack-bar.js",
      "fileHash": "b4ff74a8",
      "needsInterop": false
    },
    "@angular/material/sort": {
      "src": "../../../../../../node_modules/@angular/material/fesm2022/sort.mjs",
      "file": "@angular_material_sort.js",
      "fileHash": "86891ad0",
      "needsInterop": false
    },
    "@angular/material/table": {
      "src": "../../../../../../node_modules/@angular/material/fesm2022/table.mjs",
      "file": "@angular_material_table.js",
      "fileHash": "14e15630",
      "needsInterop": false
    },
    "@angular/material/toolbar": {
      "src": "../../../../../../node_modules/@angular/material/fesm2022/toolbar.mjs",
      "file": "@angular_material_toolbar.js",
      "fileHash": "25328a85",
      "needsInterop": false
    },
    "@angular/platform-browser": {
      "src": "../../../../../../node_modules/@angular/platform-browser/fesm2022/platform-browser.mjs",
      "file": "@angular_platform-browser.js",
      "fileHash": "25917a58",
      "needsInterop": false
    },
    "@angular/platform-browser/animations/async": {
      "src": "../../../../../../node_modules/@angular/platform-browser/fesm2022/animations/async.mjs",
      "file": "@angular_platform-browser_animations_async.js",
      "fileHash": "3be8fa67",
      "needsInterop": false
    },
    "@angular/platform-server": {
      "src": "../../../../../../node_modules/@angular/platform-server/fesm2022/platform-server.mjs",
      "file": "@angular_platform-server.js",
      "fileHash": "2c44068d",
      "needsInterop": false
    },
    "@angular/router": {
      "src": "../../../../../../node_modules/@angular/router/fesm2022/router.mjs",
      "file": "@angular_router.js",
      "fileHash": "5b5ee6ac",
      "needsInterop": false
    },
    "@angular/ssr": {
      "src": "../../../../../../node_modules/@angular/ssr/fesm2022/ssr.mjs",
      "file": "@angular_ssr.js",
      "fileHash": "a7f959d2",
      "needsInterop": false
    },
    "@angular/ssr/node": {
      "src": "../../../../../../node_modules/@angular/ssr/fesm2022/node.mjs",
      "file": "@angular_ssr_node.js",
      "fileHash": "e0cb4cc7",
      "needsInterop": false
    },
    "express": {
      "src": "../../../../../../node_modules/express/index.js",
      "file": "express.js",
      "fileHash": "d947d0af",
      "needsInterop": true
    },
    "rxjs": {
      "src": "../../../../../../node_modules/rxjs/dist/cjs/index.js",
      "file": "rxjs.js",
      "fileHash": "6f1c68e1",
      "needsInterop": true
    }
  },
  "chunks": {
    "browser-FJUF3O2B": {
      "file": "browser-FJUF3O2B.js"
    },
    "xhr2-TXIMV6CV": {
      "file": "xhr2-TXIMV6CV.js"
    },
    "chunk-FMEOUUSA": {
      "file": "chunk-FMEOUUSA.js"
    },
    "chunk-ITK25EV3": {
      "file": "chunk-ITK25EV3.js"
    },
    "chunk-VFZCOWRN": {
      "file": "chunk-VFZCOWRN.js"
    },
    "chunk-ASWO4CL7": {
      "file": "chunk-ASWO4CL7.js"
    },
    "chunk-ITAKPDNH": {
      "file": "chunk-ITAKPDNH.js"
    },
    "chunk-GXAEW756": {
      "file": "chunk-GXAEW756.js"
    },
    "chunk-BZIBDCFG": {
      "file": "chunk-BZIBDCFG.js"
    },
    "chunk-4KFOR7E3": {
      "file": "chunk-4KFOR7E3.js"
    },
    "chunk-MEZZSJNS": {
      "file": "chunk-MEZZSJNS.js"
    },
    "chunk-44P4LZMC": {
      "file": "chunk-44P4LZMC.js"
    },
    "chunk-ZUI76PEE": {
      "file": "chunk-ZUI76PEE.js"
    },
    "chunk-GZPJUIBQ": {
      "file": "chunk-GZPJUIBQ.js"
    },
    "chunk-KGPCBPBU": {
      "file": "chunk-KGPCBPBU.js"
    },
    "chunk-MPFEUSJY": {
      "file": "chunk-MPFEUSJY.js"
    },
    "chunk-O4QEP7R2": {
      "file": "chunk-O4QEP7R2.js"
    },
    "chunk-PE4PLPLL": {
      "file": "chunk-PE4PLPLL.js"
    },
    "chunk-T4XHMJL2": {
      "file": "chunk-T4XHMJL2.js"
    },
    "chunk-YHCV7DAQ": {
      "file": "chunk-YHCV7DAQ.js"
    }
  }
}