{
  "agendamentos": [
    {
      "id": "1",
      "nome": "Reuniao Online Piumhi",
      "data": "2025-06-24T03:00:00.000Z",
      "horario": "19:30",
      "descricao": "Ministerio dos Diaconos Piumhi"
    },
    {
      "id": "2",
      "nome": "Reuniao Piedade Piumhi",
      "data": "2025-07-05",
      "horario": "09:30",
      "descricao": "Ministerio dos Diaconos Piumhi"
    },
    {
      "id": "3",
      "nome": "testando formulario",
      "data": "2025-06-20",
      "horario": "16:00",
      "descricao": "teste"
    }
  ]
}